territory,zip
OCA,337
OCA,00736
OCA,00737
OCA,01001
OCA,01085
OCA,01095
OCA,01370
OCA,01463
OCA,01545
OCA,01701
OCA,01702
OCA,01748
OCA,01824
OCA,01862
OCA,01886
OCA,01923
OCA,01930
OCA,02116
OCA,02130
OCA,02138
OCA,02144
OCA,02176
OCA,02190
OCA,02215
OCA,02359
OCA,02368
OCA,02466
OCA,02532
OCA,02703
OCA,02871
OCA,02906
OCA,03301
OCA,03585
OCA,04074
OCA,04109
OCA,04276
OCA,04901
OCA,05001
OCA,06437
OCA,06468
OCA,06514
OCA,06615
OCA,06830
OCA,06854
OCA,06905
OCA,07024
OCA,07039
OCA,07052
OCA,07090
OCA,07405
OCA,07417
OCA,07421
OCA,07452
OCA,07648
OCA,07649
OCA,07652
OCA,07666
OCA,07746
OCA,07747
OCA,07860
OCA,07901
OCA,07921
OCA,07922
OCA,07950
OCA,07960
OCA,07981
OCA,08003
OCA,08080
OCA,08401
OCA,08540
OCA,08691
OCA,08710
OCA,08752
OCA,08753
OCA,09123
OCA,10001
OCA,10003
OCA,10011
OCA,10013
OCA,10016
OCA,10019
OCA,10021
OCA,10022
OCA,10023
OCA,10024
OCA,10025
OCA,10028
OCA,10044
OCA,10048
OCA,10065
OCA,10306
OCA,10312
OCA,10463
OCA,10509
OCA,10520
OCA,10580
OCA,10583
OCA,10607
OCA,10701
OCA,10704
OCA,10801
OCA,10940
OCA,10954
OCA,10956
OCA,11040
OCA,11102
OCA,11104
OCA,11106
OCA,11201
OCA,11204
OCA,11209
OCA,11214
OCA,11215
OCA,11217
OCA,11222
OCA,11223
OCA,11228
OCA,11229
OCA,11230
OCA,11231
OCA,11236
OCA,11238
OCA,11249
OCA,11362
OCA,11375
OCA,11379
OCA,11385
OCA,11414
OCA,11416
OCA,11432
OCA,11501
OCA,11530
OCA,11542
OCA,11545
OCA,11554
OCA,11560
OCA,11563
OCA,11565
OCA,11566
OCA,11598
OCA,11710
OCA,11729
OCA,11733
OCA,11735
OCA,11738
OCA,11743
OCA,11753
OCA,11758
OCA,11763
OCA,11767
OCA,11769
OCA,11772
OCA,11782
OCA,11791
OCA,11795
OCA,11801
OCA,11803
OCA,11934
OCA,11937
OCA,11946
OCA,11972
OCA,12084
OCA,12092
OCA,12110
OCA,12446
OCA,12526
OCA,12534
OCA,12550
OCA,12561
OCA,12571
OCA,12572
OCA,12603
OCA,12748
OCA,12804
OCA,12835
OCA,12977
OCA,13108
OCA,13142
OCA,13304
OCA,13480
OCA,13492
OCA,13820
OCA,14020
OCA,14062
OCA,14092
OCA,14127
OCA,14150
OCA,14206
OCA,14304
OCA,14420
OCA,14422
OCA,14522
OCA,14580
OCA,14605
OCA,14607
OCA,14612
OCA,14613
OCA,14617
OCA,14622
OCA,14623
OCA,14701
OCA,14830
OCA,14850
OCA,15068
OCA,15213
OCA,15237
OCA,15238
OCA,16428
OCA,16506
OCA,18146
OCA,18431
OCA,18801
OCA,19004
OCA,19010
OCA,19096
OCA,19102
OCA,19110
OCA,19118
OCA,19125
OCA,19301
OCA,19335
OCA,19401
OCA,19438
OCA,19701
OCA,19806
OCA,19808
OCA,19810
OCA,19947
OCA,20024
OCA,20032
OCA,20135
OCA,20176
OCA,20782
OCA,20852
OCA,20854
OCA,21014
OCA,21162
OCA,21209
OCA,21286
OCA,21401
OCA,22031
OCA,22044
OCA,22150
OCA,22180
OCA,22203
OCA,22304
OCA,22835
OCA,26003
OCA,27012
OCA,27103
OCA,27260
OCA,27262
OCA,27408
OCA,27511
OCA,27530
OCA,27560
OCA,27705
OCA,27858
OCA,27889
OCA,27892
OCA,27932
OCA,27959
OCA,28036
OCA,28206
OCA,28211
OCA,28801
OCA,29204
OCA,29223
OCA,29405
OCA,29407
OCA,29412
OCA,29464
OCA,29483
OCA,29485
OCA,29488
OCA,29492
OCA,29708
OCA,29801
OCA,30004
OCA,30022
OCA,30024
OCA,30041
OCA,30062
OCA,30068
OCA,30094
OCA,30097
OCA,30127
OCA,30204
OCA,30208
OCA,30214
OCA,30215
OCA,30236
OCA,30265
OCA,30269
OCA,30274
OCA,30281
OCA,30296
OCA,30328
OCA,30342
OCA,30344
OCA,30701
OCA,30909
OCA,31401
OCA,31419
OCA,31522
OCA,31820
OCA,32011
OCA,32063
OCA,32080
OCA,32117
OCA,32129
OCA,32132
OCA,32141
OCA,32159
OCA,32163
OCA,32164
OCA,32174
OCA,32202
OCA,32207
OCA,32208
OCA,32216
OCA,32250
OCA,32254
OCA,32256
OCA,32257
OCA,32258
OCA,32259
OCA,32333
OCA,32404
OCA,32444
OCA,32504
OCA,32506
OCA,32514
OCA,32541
OCA,32547
OCA,32561
OCA,32578
OCA,32607
OCA,32608
OCA,32640
OCA,32656
OCA,32701
OCA,32703
OCA,32708
OCA,32738
OCA,32746
OCA,32748
OCA,32751
OCA,32771
OCA,32778
OCA,32779
OCA,32789
OCA,32792
OCA,32796
OCA,32803
OCA,32805
OCA,32807
OCA,32809
OCA,32811
OCA,32819
OCA,32825
OCA,32837
OCA,32903
OCA,32904
OCA,32927
OCA,32935
OCA,32952
OCA,32955
OCA,32958
OCA,32960
OCA,32966
OCA,33016
OCA,33018
OCA,33021
OCA,33024
OCA,33030
OCA,33031
OCA,33033
OCA,33064
OCA,33130
OCA,33139
OCA,33143
OCA,33144
OCA,33155
OCA,33157
OCA,33165
OCA,33173
OCA,33175
OCA,33179
OCA,33183
OCA,33186
OCA,33308
OCA,33311
OCA,33314
OCA,33316
OCA,33317
OCA,33319
OCA,33324
OCA,33326
OCA,33328
OCA,33330
OCA,33403
OCA,33406
OCA,33407
OCA,33408
OCA,33409
OCA,33410
OCA,33411
OCA,33414
OCA,33415
OCA,33426
OCA,33428
OCA,33432
OCA,33435
OCA,33441
OCA,33445
OCA,33455
OCA,33458
OCA,33460
OCA,33461
OCA,33462
OCA,33470
OCA,33477
OCA,33487
OCA,33511
OCA,33525
OCA,33569
OCA,33570
OCA,33592
OCA,33609
OCA,33610
OCA,33612
OCA,33614
OCA,33615
OCA,33618
OCA,33626
OCA,33647
OCA,33701
OCA,33707
OCA,33710
OCA,33711
OCA,33713
OCA,33761
OCA,33762
OCA,33763
OCA,33764
OCA,33770
OCA,33802
OCA,33803
OCA,33809
OCA,33813
OCA,33844
OCA,33880
OCA,33898
OCA,33904
OCA,33908
OCA,33928
OCA,33950
OCA,33952
OCA,33971
OCA,33980
OCA,33991
OCA,34104
OCA,34112
OCA,34119
OCA,34135
OCA,34201
OCA,34202
OCA,34205
OCA,34208
OCA,34209
OCA,34211
OCA,34221
OCA,34224
OCA,34228
OCA,34231
OCA,34239
OCA,34275
OCA,34293
OCA,34452
OCA,34472
OCA,34480
OCA,34601
OCA,34606
OCA,34613
OCA,34655
OCA,34683
OCA,34688
OCA,34695
OCA,34698
OCA,34715
OCA,34744
OCA,34748
OCA,34761
OCA,34787
OCA,34788
OCA,34997
OCA,35010
OCA,35124
OCA,35244
OCA,35401
OCA,35403
OCA,35406
OCA,35553
OCA,36092
OCA,36109
OCA,36301
OCA,36451
OCA,36532
OCA,36541
OCA,36545
OCA,36608
OCA,36693
OCA,36701
OCA,37040
OCA,37167
OCA,37421
OCA,37709
OCA,38120
OCA,38655
OCA,38916
OCA,38947
OCA,39056
OCA,39183
OCA,39204
OCA,39211
OCA,39216
OCA,39301
OCA,39429
OCA,39470
OCA,39574
OCA,40977
OCA,43015
OCA,43204
OCA,43213
OCA,43214
OCA,43227
OCA,43551
OCA,43614
OCA,43617
OCA,43623
OCA,44022
OCA,44044
OCA,44087
OCA,44107
OCA,44122
OCA,44136
OCA,44137
OCA,44145
OCA,44146
OCA,44442
OCA,45067
OCA,45242
OCA,45409
OCA,45432
OCA,45503
OCA,45505
OCA,45701
OCA,45813
OCA,46072
OCA,46142
OCA,46181
OCA,46227
OCA,46237
OCA,46321
OCA,46902
OCA,46975
OCA,47713
OCA,47907
OCA,47960
OCA,48009
OCA,48042
OCA,48063
OCA,48077
OCA,48302
OCA,48306
OCA,48310
OCA,48313
OCA,48322
OCA,48381
OCA,49002
OCA,49048
OCA,49428
OCA,49686
OCA,50010
OCA,51246
OCA,51360
OCA,52245
OCA,52402
OCA,52495
OCA,53038
OCA,53051
OCA,53066
OCA,53072
OCA,53074
OCA,53092
OCA,53130
OCA,53168
OCA,53183
OCA,53188
OCA,53209
OCA,53211
OCA,53214
OCA,53527
OCA,53545
OCA,53562
OCA,53704
OCA,53706
OCA,53711
OCA,53715
OCA,53719
OCA,53813
OCA,54017
OCA,54154
OCA,54162
OCA,54303
OCA,54406
OCA,54455
OCA,54467
OCA,54494
OCA,54703
OCA,54840
OCA,54901
OCA,54904
OCA,54956
OCA,55025
OCA,55042
OCA,55077
OCA,55102
OCA,55105
OCA,55117
OCA,55344
OCA,55407
OCA,55413
OCA,55422
OCA,55433
OCA,55435
OCA,55731
OCA,55811
OCA,56164
OCA,56347
OCA,58701
OCA,59105
OCA,59403
OCA,59404
OCA,59405
OCA,59427
OCA,59501
OCA,59601
OCA,59701
OCA,59718
OCA,59802
OCA,59840
OCA,59901
OCA,59937
OCA,60004
OCA,60035
OCA,60061
OCA,60085
OCA,60177
OCA,60201
OCA,60484
OCA,60506
OCA,60513
OCA,60538
OCA,60540
OCA,60564
OCA,60601
OCA,60605
OCA,60608
OCA,60625
OCA,60640
OCA,60641
OCA,60657
OCA,60714
OCA,60963
OCA,61081
OCA,61603
OCA,61761
OCA,61820
OCA,61866
OCA,61951
OCA,62704
OCA,62794
OCA,63044
OCA,63074
OCA,63090
OCA,63105
OCA,63136
OCA,63144
OCA,64468
OCA,65060
OCA,65109
OCA,65201
OCA,65434
OCA,65610
OCA,65622
OCA,65804
OCA,67401
OCA,68164
OCA,68840
OCA,68845
OCA,68847
OCA,70115
OCA,70130
OCA,71104
OCA,71603
OCA,72204
OCA,73115
OCA,73132
OCA,73501
OCA,75013
OCA,75202
OCA,75231
OCA,75791
OCA,76109
OCA,76180
OCA,76247
OCA,76508
OCA,77015
OCA,77049
OCA,77090
OCA,77401
OCA,77422
OCA,77476
OCA,77530
OCA,78212
OCA,78229
OCA,78411
OCA,78613
OCA,78664
OCA,78731
OCA,78739
OCA,78746
OCA,78756
OCA,80003
OCA,80007
OCA,80010
OCA,80012
OCA,80020
OCA,80021
OCA,80023
OCA,80026
OCA,80027
OCA,80031
OCA,80033
OCA,80104
OCA,80108
OCA,80109
OCA,80110
OCA,80111
OCA,80113
OCA,80121
OCA,80122
OCA,80127
OCA,80132
OCA,80134
OCA,80203
OCA,80204
OCA,80205
OCA,80209
OCA,80210
OCA,80211
OCA,80222
OCA,80226
OCA,80228
OCA,80238
OCA,80246
OCA,80247
OCA,80301
OCA,80302
OCA,80303
OCA,80304
OCA,80305
OCA,80401
OCA,80403
OCA,80439
OCA,80503
OCA,80504
OCA,80516
OCA,80521
OCA,80524
OCA,80525
OCA,80526
OCA,80538
OCA,80631
OCA,80634
OCA,80751
OCA,80906
OCA,80907
OCA,80909
OCA,80918
OCA,80920
OCA,80923
OCA,81055
OCA,81147
OCA,81301
OCA,81401
OCA,81419
OCA,81611
OCA,81615
OCA,81623
OCA,82001
OCA,82240
OCA,82601
OCA,82609
OCA,82701
OCA,82901
OCA,82930
OCA,83001
OCA,83204
OCA,83263
OCA,83301
OCA,83340
OCA,83353
OCA,83401
OCA,83616
OCA,83634
OCA,83642
OCA,83687
OCA,83702
OCA,83706
OCA,83714
OCA,83940
OCA,84015
OCA,84041
OCA,84042
OCA,84087
OCA,84092
OCA,84093
OCA,84105
OCA,84106
OCA,84107
OCA,84117
OCA,84123
OCA,84712
OCA,84770
OCA,85012
OCA,85013
OCA,85014
OCA,85015
OCA,85018
OCA,85020
OCA,85022
OCA,85024
OCA,85032
OCA,85050
OCA,85118
OCA,85122
OCA,85123
OCA,85140
OCA,85202
OCA,85206
OCA,85209
OCA,85213
OCA,85224
OCA,85233
OCA,85234
OCA,85248
OCA,85249
OCA,85251
OCA,85254
OCA,85255
OCA,85260
OCA,85266
OCA,85281
OCA,85282
OCA,85283
OCA,85295
OCA,85296
OCA,85298
OCA,85304
OCA,85331
OCA,85351
OCA,85364
OCA,85367
OCA,85374
OCA,85375
OCA,85378
OCA,85379
OCA,85382
OCA,85629
OCA,85648
OCA,85650
OCA,85704
OCA,85705
OCA,85710
OCA,85711
OCA,85714
OCA,85716
OCA,85719
OCA,85745
OCA,85748
OCA,85750
OCA,86046
OCA,86301
OCA,86323
OCA,86326
OCA,86401
OCA,86403
OCA,86406
OCA,86426
OCA,87002
OCA,87109
OCA,87111
OCA,87112
OCA,87117
OCA,87122
OCA,87124
OCA,87505
OCA,87508
OCA,87623
OCA,88001
OCA,88201
OCA,88310
OCA,89012
OCA,89014
OCA,89030
OCA,89042
OCA,89060
OCA,89074
OCA,89101
OCA,89104
OCA,89108
OCA,89117
OCA,89118
OCA,89119
OCA,89120
OCA,89121
OCA,89128
OCA,89130
OCA,89131
OCA,89134
OCA,89135
OCA,89141
OCA,89145
OCA,89146
OCA,89147
OCA,89148
OCA,89149
OCA,89183
OCA,89406
OCA,89423
OCA,89431
OCA,89447
OCA,89451
OCA,89502
OCA,89503
OCA,89506
OCA,89511
OCA,89512
OCA,89519
OCA,89706
Southern CA,90001
Southern CA,90003
Southern CA,90004
Southern CA,90007
Southern CA,90008
Southern CA,90010
Southern CA,90013
Southern CA,90019
Southern CA,90024
Southern CA,90025
Southern CA,90026
Southern CA,90027
Southern CA,90029
Southern CA,90031
Southern CA,90033
Southern CA,90034
Southern CA,90035
Southern CA,90036
Southern CA,90038
Southern CA,90039
Southern CA,90041
Southern CA,90042
Southern CA,90043
Southern CA,90045
Southern CA,90046
Southern CA,90047
Southern CA,90048
Southern CA,90049
Southern CA,90057
Southern CA,90060
Southern CA,90064
Southern CA,90065
Southern CA,90066
Southern CA,90067
Southern CA,90069
Southern CA,90073
Southern CA,90201
Southern CA,90210
Southern CA,90211
Southern CA,90212
Southern CA,90221
Southern CA,90230
Southern CA,90232
Southern CA,90240
Southern CA,90241
Southern CA,90242
Southern CA,90245
Southern CA,90247
Southern CA,90248
Southern CA,90249
Southern CA,90250
Southern CA,90254
Southern CA,90255
Southern CA,90260
Southern CA,90265
Southern CA,90266
Southern CA,90274
Southern CA,90275
Southern CA,90277
Southern CA,90278
Southern CA,90280
Southern CA,90291
Southern CA,90292
Southern CA,90301
Southern CA,90302
Southern CA,90401
Southern CA,90403
Southern CA,90404
Southern CA,90501
Southern CA,90502
Southern CA,90503
Southern CA,90504
Southern CA,90505
Southern CA,90603
Southern CA,90605
Southern CA,90606
Southern CA,90620
Southern CA,90630
Southern CA,90631
Southern CA,90638
Southern CA,90640
Southern CA,90650
Southern CA,90660
Southern CA,90670
Southern CA,90680
Southern CA,90703
Southern CA,90706
Southern CA,90710
Southern CA,90713
Southern CA,90715
Southern CA,90717
Southern CA,90720
Southern CA,90731
Southern CA,90732
Southern CA,90740
Southern CA,90755
Southern CA,90802
Southern CA,90803
Southern CA,90804
Southern CA,90805
Southern CA,90806
Southern CA,90807
Southern CA,90808
Southern CA,90815
Southern CA,90822
OCA,90907
Southern CA,91001
Southern CA,91006
Southern CA,91007
Southern CA,91011
Southern CA,91016
Southern CA,91020
Southern CA,91024
Southern CA,91030
Southern CA,91042
Southern CA,91101
Southern CA,91105
Southern CA,91107
Southern CA,91108
Southern CA,91202
Southern CA,91203
Southern CA,91206
Southern CA,91214
Southern CA,91301
Southern CA,91302
Southern CA,91303
Southern CA,91304
Southern CA,91306
Southern CA,91307
Southern CA,91311
Southern CA,91316
Southern CA,91320
Southern CA,91321
Southern CA,91324
Southern CA,91325
Southern CA,91326
Southern CA,91335
Southern CA,91340
Southern CA,91342
Southern CA,91343
Southern CA,91344
Southern CA,91345
Southern CA,91350
Southern CA,91352
Southern CA,91354
Southern CA,91355
Southern CA,91356
Southern CA,91360
Southern CA,91361
Southern CA,91362
Southern CA,91364
Southern CA,91367
Southern CA,91381
Southern CA,91384
Southern CA,91387
Southern CA,91392
Southern CA,91403
Southern CA,91406
Southern CA,91411
Southern CA,91423
Southern CA,91505
Southern CA,91506
Southern CA,91601
Southern CA,91602
Southern CA,91604
Southern CA,91607
Southern CA,91701
Southern CA,91706
Southern CA,91709
Southern CA,91710
Southern CA,91711
Southern CA,91722
Southern CA,91723
Southern CA,91724
Southern CA,91730
Southern CA,91737
Southern CA,91739
Southern CA,91740
Southern CA,91741
Southern CA,91744
Southern CA,91745
Southern CA,91746
Southern CA,91748
Southern CA,91750
Southern CA,91752
Southern CA,91754
Southern CA,91761
Southern CA,91762
Southern CA,91763
Southern CA,91764
Southern CA,91765
Southern CA,91766
Southern CA,91770
Southern CA,91773
Southern CA,91776
Southern CA,91780
Southern CA,91784
Southern CA,91786
Southern CA,91789
Southern CA,91790
Southern CA,91791
Southern CA,91792
Southern CA,91801
Southern CA,91803
Southern CA,91902
Southern CA,91910
Southern CA,91911
Southern CA,91914
Southern CA,91915
Southern CA,91941
Southern CA,91942
Southern CA,91945
Southern CA,91950
Southern CA,91977
Southern CA,92004
Southern CA,92008
Southern CA,92009
Southern CA,92014
Southern CA,92019
Southern CA,92020
Southern CA,92021
Southern CA,92024
Southern CA,92025
Southern CA,92026
Southern CA,92028
Southern CA,92037
Southern CA,92054
Southern CA,92056
Southern CA,92057
Southern CA,92058
Southern CA,92064
Southern CA,92065
Southern CA,92067
Southern CA,92069
Southern CA,92071
Southern CA,92075
Southern CA,92078
Southern CA,92081
Southern CA,92082
Southern CA,92083
Southern CA,92084
Southern CA,92101
Southern CA,92102
Southern CA,92103
Southern CA,92104
Southern CA,92106
Southern CA,92107
Southern CA,92108
Southern CA,92109
Southern CA,92110
Southern CA,92111
Southern CA,92112
Southern CA,92113
Southern CA,92116
Southern CA,92117
Southern CA,92118
Southern CA,92120
Southern CA,92121
Southern CA,92122
Southern CA,92123
Southern CA,92124
Southern CA,92126
Southern CA,92127
Southern CA,92128
Southern CA,92129
Southern CA,92130
Southern CA,92134
Southern CA,92201
Southern CA,92203
Southern CA,92211
Southern CA,92220
Southern CA,92223
Southern CA,92234
Southern CA,92240
Southern CA,92251
Southern CA,92253
Southern CA,92260
Southern CA,92264
Southern CA,92276
Southern CA,92284
Southern CA,92307
Southern CA,92308
Southern CA,92311
Southern CA,92313
Southern CA,92314
Southern CA,92316
Southern CA,92317
Southern CA,92324
OCA,92330
Southern CA,92335
Southern CA,92336
Southern CA,92337
Southern CA,92345
Southern CA,92346
Southern CA,92350
Southern CA,92352
Southern CA,92354
Southern CA,92371
Southern CA,92373
Southern CA,92374
Southern CA,92378
Southern CA,92392
Southern CA,92395
Southern CA,92399
Southern CA,92407
Southern CA,92408
Southern CA,92501
Southern CA,92503
Southern CA,92504
Southern CA,92506
Southern CA,92507
Southern CA,92508
Southern CA,92509
Southern CA,92532
Southern CA,92539
Southern CA,92543
Southern CA,92544
Southern CA,92552
Southern CA,92553
Southern CA,92562
Southern CA,92563
Southern CA,92567
Southern CA,92571
Southern CA,92583
Southern CA,92584
OCA,92586
Southern CA,92587
Southern CA,92590
Southern CA,92591
Southern CA,92592
Southern CA,92595
Southern CA,92602
Southern CA,92603
Southern CA,92604
Southern CA,92610
Southern CA,92612
Southern CA,92614
Southern CA,92618
Southern CA,92620
OCA,92621
Southern CA,92626
Southern CA,92627
Southern CA,92629
Southern CA,92630
OCA,92633
OCA,92635
Southern CA,92637
OCA,92640
OCA,92643
Southern CA,92646
Southern CA,92647
Southern CA,92648
Southern CA,92649
Southern CA,92651
Southern CA,92653
Southern CA,92656
Southern CA,92657
Southern CA,92658
Southern CA,92660
Southern CA,92663
OCA,92665
OCA,92669
Southern CA,92672
Southern CA,92673
Southern CA,92674
Southern CA,92675
Southern CA,92677
Southern CA,92683
Southern CA,92685
OCA,92686
Southern CA,92688
Southern CA,92690
Southern CA,92691
Southern CA,92692
Southern CA,92693
Southern CA,92694
Southern CA,92702
Southern CA,92704
Southern CA,92705
Southern CA,92706
Southern CA,92707
Southern CA,92708
Southern CA,92711
OCA,92714
OCA,92715
OCA,92718
Southern CA,92780
Southern CA,92782
Southern CA,92801
Southern CA,92805
Southern CA,92806
Southern CA,92807
Southern CA,92808
Southern CA,92821
Southern CA,92831
Southern CA,92832
Southern CA,92833
Southern CA,92835
Southern CA,92843
Southern CA,92845
Southern CA,92860
Southern CA,92861
Southern CA,92865
Southern CA,92866
Southern CA,92867
Southern CA,92868
Southern CA,92869
Southern CA,92870
Southern CA,92879
Southern CA,92880
Southern CA,92881
Southern CA,92882
Southern CA,92883
Southern CA,92886
Southern CA,92887
OCA,92925
Southern CA,93001
Southern CA,93003
Southern CA,93004
Southern CA,93010
Southern CA,93012
Southern CA,93013
Southern CA,93021
Southern CA,93022
Southern CA,93030
Southern CA,93036
Southern CA,93041
Southern CA,93060
Southern CA,93061
Southern CA,93063
Southern CA,93065
Southern CA,93066
Southern CA,93101
Southern CA,93102
Southern CA,93103
Southern CA,93105
Southern CA,93108
Southern CA,93109
Southern CA,93110
Southern CA,93111
Southern CA,93116
Southern CA,93117
OCA,93214
Southern CA,93221
Southern CA,93225
Southern CA,93230
Southern CA,93232
Southern CA,93238
Southern CA,93251
Southern CA,93252
Southern CA,93254
Southern CA,93257
Southern CA,93258
Southern CA,93263
Southern CA,93272
Southern CA,93274
Southern CA,93275
Southern CA,93277
Southern CA,93280
Southern CA,93291
OCA,93300
Southern CA,93301
Southern CA,93305
Southern CA,93306
Southern CA,93307
Southern CA,93308
Southern CA,93309
Southern CA,93311
Southern CA,93312
Southern CA,93313
Southern CA,93314
Southern CA,93383
Southern CA,93401
Southern CA,93402
Southern CA,93407
Southern CA,93410
Southern CA,93422
Southern CA,93427
Southern CA,93428
Southern CA,93429
Southern CA,93433
Southern CA,93436
Southern CA,93443
Southern CA,93444
Southern CA,93446
Southern CA,93449
Southern CA,93454
Southern CA,93455
Southern CA,93456
Southern CA,93458
Southern CA,93460
Southern CA,93463
Southern CA,93465
Southern CA,93510
Northern CA,93514
Northern CA,93517
Southern CA,93518
Southern CA,93528
Southern CA,93534
Southern CA,93536
Northern CA,93546
Southern CA,93550
Southern CA,93551
Southern CA,93555
Southern CA,93561
Northern CA,93602
Southern CA,93603
Northern CA,93610
Northern CA,93611
Northern CA,93612
Northern CA,93619
Northern CA,93635
Northern CA,93636
Northern CA,93637
Northern CA,93638
Northern CA,93640
Northern CA,93654
Northern CA,93657
Southern CA,93668
Southern CA,93702
Northern CA,93703
Northern CA,93705
Southern CA,93709
Northern CA,93710
Northern CA,93711
Southern CA,93715
Northern CA,93720
Northern CA,93722
Northern CA,93726
Northern CA,93728
Northern CA,93755
Northern CA,93772
Northern CA,93776
Northern CA,93901
Northern CA,93905
Northern CA,93906
Northern CA,93907
Southern CA,93912
Southern CA,93923
Southern CA,93924
Northern CA,93933
Southern CA,93940
Southern CA,93950
Southern CA,93953
Southern CA,93955
Southern CA,93962
Northern CA,94002
Northern CA,94005
Northern CA,94010
Northern CA,94014
Northern CA,94015
Northern CA,94019
Northern CA,94022
Northern CA,94024
Northern CA,94025
Northern CA,94027
Northern CA,94028
Northern CA,94030
OCA,94033
Northern CA,94038
Northern CA,94040
Northern CA,94043
Northern CA,94044
Northern CA,94060
Northern CA,94061
Northern CA,94062
Northern CA,94063
Northern CA,94066
Northern CA,94070
Northern CA,94080
Northern CA,94083
Northern CA,94086
Northern CA,94087
Northern CA,94089
OCA,94098
OCA,94100
OCA,94101
Northern CA,94102
Northern CA,94103
Northern CA,94104
Northern CA,94105
OCA,94106
Northern CA,94107
Northern CA,94108
Northern CA,94109
Northern CA,94110
Northern CA,94111
Northern CA,94112
Northern CA,94114
Northern CA,94115
Northern CA,94116
Northern CA,94117
Northern CA,94118
Northern CA,94120
Northern CA,94121
Northern CA,94122
Northern CA,94123
Northern CA,94124
Northern CA,94125
Northern CA,94127
Northern CA,94128
Northern CA,94129
Northern CA,94131
Northern CA,94132
Northern CA,94133
Northern CA,94134
Northern CA,94140
Northern CA,94141
Northern CA,94143
Northern CA,94145
OCA,94150
OCA,94152
Northern CA,94158
Northern CA,94159
Northern CA,94163
Northern CA,94164
Northern CA,94177
Northern CA,94188
Northern CA,94204
Northern CA,94205
Northern CA,94232
Northern CA,94239
Northern CA,94285
Northern CA,94287
Northern CA,94290
OCA,94300
Northern CA,94301
Northern CA,94303
Northern CA,94304
Northern CA,94305
Northern CA,94306
OCA,94400
Northern CA,94401
Northern CA,94402
Northern CA,94403
Northern CA,94404
Northern CA,94497
Northern CA,94501
Northern CA,94502
Northern CA,94503
OCA,94504
Northern CA,94505
Northern CA,94506
Northern CA,94507
Northern CA,94508
Northern CA,94509
Northern CA,94510
Northern CA,94511
Northern CA,94513
Northern CA,94515
Northern CA,94517
Northern CA,94518
Northern CA,94519
Northern CA,94520
Northern CA,94521
Northern CA,94523
Northern CA,94526
Northern CA,94530
Northern CA,94531
Northern CA,94533
Northern CA,94534
Northern CA,94535
Northern CA,94536
Northern CA,94538
Northern CA,94539
Northern CA,94541
Northern CA,94543
Northern CA,94544
Northern CA,94545
Northern CA,94546
Northern CA,94547
Northern CA,94549
Northern CA,94550
Northern CA,94551
Northern CA,94552
Northern CA,94553
Northern CA,94555
Northern CA,94556
Northern CA,94558
Northern CA,94559
Northern CA,94561
Northern CA,94563
Northern CA,94564
Northern CA,94565
Northern CA,94566
Northern CA,94567
Northern CA,94568
Northern CA,94571
Northern CA,94574
Northern CA,94576
Northern CA,94577
Northern CA,94578
Northern CA,94579
Northern CA,94580
Northern CA,94582
Northern CA,94583
OCA,94584
Northern CA,94585
Northern CA,94587
Northern CA,94588
Northern CA,94589
Northern CA,94590
Northern CA,94591
Northern CA,94592
Northern CA,94595
Northern CA,94596
Northern CA,94597
Northern CA,94598
Northern CA,94601
Northern CA,94602
Northern CA,94603
Northern CA,94605
Northern CA,94606
Northern CA,94607
Northern CA,94608
Northern CA,94609
Northern CA,94610
Northern CA,94611
Northern CA,94612
OCA,94616
Northern CA,94618
Northern CA,94619
Northern CA,94620
Northern CA,94621
OCA,94625
OCA,94685
Northern CA,94702
Northern CA,94703
Northern CA,94704
Northern CA,94705
Northern CA,94706
Northern CA,94707
Northern CA,94708
Northern CA,94709
Northern CA,94710
Northern CA,94712
Northern CA,94720
OCA,94785
Northern CA,94801
Northern CA,94802
Northern CA,94803
Northern CA,94804
Northern CA,94805
Northern CA,94806
Northern CA,94807
OCA,94809
Northern CA,94901
OCA,94902
Northern CA,94903
Northern CA,94904
OCA,94906
OCA,94907
OCA,94908
OCA,94909
Northern CA,94912
Northern CA,94913
Northern CA,94915
Northern CA,94920
Northern CA,94923
Northern CA,94924
Northern CA,94925
Northern CA,94927
Northern CA,94928
Northern CA,94929
Northern CA,94930
Northern CA,94931
Northern CA,94933
Northern CA,94937
Northern CA,94938
Northern CA,94939
Northern CA,94941
Northern CA,94942
Northern CA,94945
Northern CA,94946
Northern CA,94947
Northern CA,94948
Northern CA,94949
Northern CA,94950
Northern CA,94951
Northern CA,94952
Northern CA,94954
Northern CA,94956
Northern CA,94957
Northern CA,94960
Northern CA,94963
Northern CA,94965
Northern CA,94970
Northern CA,94977
OCA,94984
Northern CA,95003
Northern CA,95005
Northern CA,95006
Northern CA,95008
Northern CA,95010
Northern CA,95012
Northern CA,95014
OCA,95016
Northern CA,95018
Northern CA,95020
Northern CA,95023
Northern CA,95026
Northern CA,95030
Northern CA,95032
Northern CA,95033
Northern CA,95035
Northern CA,95037
Northern CA,95046
Northern CA,95050
Northern CA,95051
Northern CA,95055
Northern CA,95060
Northern CA,95062
Northern CA,95063
Northern CA,95065
Northern CA,95066
Northern CA,95070
OCA,95072
Northern CA,95073
Northern CA,95076
OCA,95080
OCA,95100
Northern CA,95110
Northern CA,95111
Northern CA,95112
Northern CA,95113
OCA,95114
Northern CA,95116
Northern CA,95117
Northern CA,95118
Northern CA,95119
Northern CA,95120
Northern CA,95121
Northern CA,95123
Northern CA,95124
Northern CA,95125
Northern CA,95126
Northern CA,95127
Northern CA,95128
Northern CA,95129
Northern CA,95131
Northern CA,95132
Northern CA,95133
Northern CA,95134
Northern CA,95136
Northern CA,95138
Northern CA,95139
Northern CA,95192
Northern CA,95202
Northern CA,95203
Northern CA,95204
Northern CA,95206
Northern CA,95207
Northern CA,95209
Northern CA,95210
Northern CA,95215
Northern CA,95219
Northern CA,95222
Northern CA,95223
Northern CA,95231
Northern CA,95237
Northern CA,95240
Northern CA,95242
Northern CA,95247
Northern CA,95251
Northern CA,95258
Northern CA,95301
Northern CA,95304
Northern CA,95305
Northern CA,95307
Northern CA,95319
Northern CA,95320
Northern CA,95321
Northern CA,95330
Northern CA,95334
Northern CA,95336
Northern CA,95337
Northern CA,95340
Northern CA,95350
Northern CA,95351
Northern CA,95354
Northern CA,95355
Northern CA,95356
Northern CA,95357
Northern CA,95358
Northern CA,95360
Northern CA,95361
Northern CA,95363
Northern CA,95366
Northern CA,95367
Northern CA,95368
Northern CA,95370
Northern CA,95374
Northern CA,95376
Northern CA,95377
Northern CA,95380
Northern CA,95382
Northern CA,95383
Northern CA,95401
Northern CA,95402
Northern CA,95403
Northern CA,95404
Northern CA,95405
Northern CA,95406
Northern CA,95407
OCA,95408
Northern CA,95409
OCA,95414
Northern CA,95415
Northern CA,95418
Northern CA,95420
Northern CA,95422
Northern CA,95425
Northern CA,95437
Northern CA,95441
Northern CA,95442
Northern CA,95445
Northern CA,95446
Northern CA,95448
Northern CA,95449
Northern CA,95450
Northern CA,95451
Northern CA,95453
Northern CA,95454
OCA,95455
Northern CA,95457
Northern CA,95460
Northern CA,95461
Northern CA,95465
Northern CA,95470
Northern CA,95472
Northern CA,95473
Northern CA,95476
OCA,95477
Northern CA,95482
Northern CA,95486
OCA,95489
Northern CA,95490
Northern CA,95492
Northern CA,95501
Northern CA,95503
OCA,95516
Northern CA,95519
Northern CA,95521
Northern CA,95525
Northern CA,95531
Northern CA,95536
Northern CA,95540
Northern CA,95542
Northern CA,95563
Northern CA,95565
Northern CA,95567
Northern CA,95602
Northern CA,95603
Northern CA,95605
Northern CA,95608
Northern CA,95610
Northern CA,95614
Northern CA,95616
Northern CA,95617
Northern CA,95618
Northern CA,95619
Northern CA,95620
Northern CA,95621
Northern CA,95624
Northern CA,95628
Northern CA,95630
Northern CA,95632
Northern CA,95634
Northern CA,95642
Northern CA,95648
Northern CA,95650
Northern CA,95656
Northern CA,95660
Northern CA,95661
Northern CA,95662
Northern CA,95665
Northern CA,95667
Northern CA,95670
Northern CA,95677
Northern CA,95678
Northern CA,95682
Northern CA,95687
Northern CA,95688
Northern CA,95691
Northern CA,95692
Northern CA,95693
Northern CA,95694
Northern CA,95695
Northern CA,95699
OCA,95706
Northern CA,95713
Northern CA,95722
Northern CA,95746
Northern CA,95747
Northern CA,95757
Northern CA,95758
Northern CA,95762
Northern CA,95765
OCA,95767
Northern CA,95776
Northern CA,95811
Northern CA,95814
Northern CA,95815
Northern CA,95816
Northern CA,95817
Northern CA,95818
Northern CA,95819
Northern CA,95820
Northern CA,95821
Northern CA,95822
Northern CA,95823
Northern CA,95824
Northern CA,95825
Northern CA,95826
Northern CA,95827
Northern CA,95828
Northern CA,95831
Northern CA,95832
Northern CA,95834
Northern CA,95841
Northern CA,95842
Northern CA,95843
Northern CA,95864
Northern CA,95865
Northern CA,95901
Northern CA,95913
Northern CA,95916
Northern CA,95926
Northern CA,95928
Northern CA,95932
Northern CA,95934
Northern CA,95945
Northern CA,95946
Northern CA,95948
Northern CA,95949
Northern CA,95953
Northern CA,95954
Northern CA,95959
Northern CA,95962
Northern CA,95963
Northern CA,95965
Northern CA,95966
Northern CA,95969
Northern CA,95971
Northern CA,95973
Northern CA,95975
Northern CA,95988
Northern CA,95991
Northern CA,95993
Northern CA,96001
Northern CA,96002
Northern CA,96003
Northern CA,96007
Northern CA,96013
Northern CA,96020
Northern CA,96033
Northern CA,96055
Northern CA,96061
Northern CA,96067
Northern CA,96080
Northern CA,96088
Northern CA,96093
Northern CA,96097
Northern CA,96114
Northern CA,96140
Northern CA,96145
Northern CA,96150
Northern CA,96161
OCA,96204
OCA,96293
OCA,96331
OCA,96339
OCA,96343
OCA,96405
OCA,96431
OCA,96611
OCA,96619
OCA,96630
OCA,96649
OCA,96651
OCA,96656
OCA,96678
OCA,96692
OCA,96734
OCA,96741
OCA,96753
OCA,96816
OCA,97007
OCA,97034
OCA,97035
OCA,97045
OCA,97048
OCA,97140
OCA,97146
OCA,97209
OCA,97217
OCA,97220
OCA,97223
OCA,97225
OCA,97232
OCA,97236
OCA,97239
OCA,97267
OCA,97301
OCA,97302
OCA,97333
OCA,97401
OCA,97402
OCA,97408
OCA,97439
OCA,97471
OCA,97504
OCA,97520
OCA,97624
OCA,97701
OCA,97702
OCA,97703
OCA,97838
OCA,97862
OCA,98003
OCA,98004
OCA,98012
OCA,98023
OCA,98026
OCA,98034
OCA,98036
OCA,98037
OCA,98042
OCA,98043
OCA,98052
OCA,98053
OCA,98056
OCA,98057
OCA,98058
OCA,98059
OCA,98072
OCA,98075
OCA,98102
OCA,98103
OCA,98104
OCA,98105
OCA,98107
OCA,98109
OCA,98110
OCA,98112
OCA,98115
OCA,98116
OCA,98118
OCA,98121
OCA,98122
OCA,98125
OCA,98133
OCA,98144
OCA,98155
OCA,98168
OCA,98198
OCA,98223
OCA,98225
OCA,98248
OCA,98260
OCA,98264
OCA,98284
OCA,98329
OCA,98339
OCA,98360
OCA,98366
OCA,98374
OCA,98375
OCA,98382
OCA,98383
OCA,98391
OCA,98406
OCA,98409
OCA,98422
OCA,98499
OCA,98501
OCA,98502
OCA,98506
OCA,98507
OCA,98513
OCA,98516
OCA,98531
OCA,98569
OCA,98597
OCA,98664
OCA,98665
OCA,98682
OCA,98683
OCA,98685
OCA,98687
OCA,98801
OCA,98902
OCA,98926
OCA,99024
OCA,99109
OCA,99122
OCA,99143
OCA,99218
OCA,99301
OCA,99352
OCA,99360
OCA,99503
OCA,99507
OCA,99518
OCA,99701